Workbook

Sheet by search terms
A1: RegionID | B1: Region | C1: Hamburger | D1: Milkshake | F1: # of regions | G1: =COUNTA(B2:B11) -> 10 | J1: Data range | K1: 2/1/24 - 2/28/25
A2: 1 | B2: California | C2: 0.85 | D2: 0.78
A3: 2 | B3: Texas | C3: 0.9 | D3: 0.72
A4: 3 | B4: Florida | C4: 0.82 | D4: 0.7
A5: 4 | B5: New York | C5: 0.8 | D5: 0.75
A6: 5 | B6: Illinois | C6: 0.78 | D6: 0.68
A7: 6 | B7: Ohio | C7: 0.77 | D7: 0.65
A8: 7 | B8: Georgia | C8: 0.76 | D8: 0.66
A9: 8 | B9: Pennsylvania | C9: 0.79 | D9: 0.69
A10: 9 | B10: Michigan | C10: 0.74 | D10: 0.64
A11: 10 | B11: North Carolina | C11: 0.73 | D11: 0.63
B14: When I sorted the Region column Z to A, the RegionID column did not move with the data. This caused the IDs to no longer match the correct states

Sheet by state
A1: Region | B1: California | C1: Texas | D1: Florida | E1: New York | F1: Illinois | G1: Ohio | H1: Georgia | I1: Pennsylvania | J1: Michigan | K1: North Carolina
A2: Hamburger | B2: 0.85 | C2: 0.9 | D2: 0.82 | E2: 0.8 | F2: 0.78 | G2: 0.77 | H2: 0.76 | I2: 0.79 | J2: 0.74 | K2: 0.73
A3: Milkshake | B3: 0.78 | C3: 0.72 | D3: 0.7 | E3: 0.75 | F3: 0.68 | G3: 0.65 | H3: 0.66 | I3: 0.69 | J3: 0.64 | K3: 0.63

Sheet sales region lookup
A1: State | B1: Sales Region | C1: Hamburger | D1: Milkshake | F1: Summary
A2: California | B2: West | C2: =VLOOKUP(A2,'by search terms'!B:C,2,FALSE) -> 0.85 | D2: 0.19 | F2: Total States | G2: =COUNTA(A2:A11) -> 10
A3: Texas | B3: South | C3: =VLOOKUP(A3,'by search terms'!B:C,2,FALSE) -> 0.9 | D3: 0.18 | F3: Avg Hamburger | G3: =AVERAGE(C2:C11) -> 0.794
A4: Florida | B4: South | C4: =VLOOKUP(A4,'by search terms'!B:C,2,FALSE) -> 0.82 | D4: 0.2 | F4: Avg Milkshake | G4: =AVERAGE(D2:D11) -> 0.181
A5: New York | B5: Northeast | C5: =VLOOKUP(A5,'by search terms'!B:C,2,FALSE) -> 0.8 | D5: 0.14
A6: Illinois | B6: Midwest | C6: =VLOOKUP(A6,'by search terms'!B:C,2,FALSE) -> 0.78 | D6: 0.19
A7: Ohio | B7: Midwest | C7: =VLOOKUP(A7,'by search terms'!B:C,2,FALSE) -> 0.77 | D7: 0.14
A8: Georgia | B8: South | C8: =VLOOKUP(A8,'by search terms'!B:C,2,FALSE) -> 0.76 | D8: 0.17
A9: Pennsylvania | B9: Northeast | C9: =VLOOKUP(A9,'by search terms'!B:C,2,FALSE) -> 0.79 | D9: 0.19
A10: Michigan | B10: Midwest | C10: =VLOOKUP(A10,'by search terms'!B:C,2,FALSE) -> 0.74 | D10: 0.2
A11: North Carolina | B11: South | C11: =VLOOKUP(A11,'by search terms'!B:C,2,FALSE) -> 0.73 | D11: 0.21
A15: Sales Region | B15: Avg Hamburger | C15: Avg Milkshake
A16: Midwest | B16: =AVERAGEIF($B$2:$B$11,A16,$C$2:$C$11) -> 0.76333333 | C16: =AVERAGEIF($B$2:$B$11,A16,$D$2:$D$11) -> 0.17666667
A17: Northeast | B17: =AVERAGEIF($B$2:$B$11,A17,$C$2:$C$11) -> 0.795 | C17: =AVERAGEIF($B$2:$B$11,A17,$D$2:$D$11) -> 0.165
A18: South | B18: =AVERAGEIF($B$2:$B$11,A18,$C$2:$C$11) -> 0.8025 | C18: =AVERAGEIF($B$2:$B$11,A18,$D$2:$D$11) -> 0.19
A19: West | B19: =AVERAGEIF($B$2:$B$11,A19,$C$2:$C$11) -> 0.85 | C19: =AVERAGEIF($B$2:$B$11,A19,$D$2:$D$11) -> 0.19
